,index,survived,pclass,sex,age,sibsp,parch,fare,embarked,class,who,adult_male,embark_town,alive,alone
0,0,0,3,male,22.0,1,0,7.25,S,Third,man,True,Southampton,no,False
1,1,1,1,female,38.0,1,0,71.2833,C,First,woman,False,Cherbourg,yes,False
2,2,1,3,female,26.0,0,0,7.925,S,Third,woman,False,Southampton,yes,True
3,3,1,1,female,35.0,1,0,53.1,S,First,woman,False,Southampton,yes,False
4,4,0,3,male,35.0,0,0,8.05,S,Third,man,True,Southampton,no,True
5,5,0,3,male,33.0,0,0,8.4583,Q,Third,man,True,Queenstown,no,True
6,6,0,1,male,54.0,0,0,51.8625,S,First,man,True,Southampton,no,True
7,7,0,3,male,2.0,3,1,21.075,S,Third,child,False,Southampton,no,False
8,8,1,3,female,27.0,0,2,11.1333,S,Third,woman,False,Southampton,yes,False
9,9,1,2,female,14.0,1,0,30.0708,C,Second,child,False,Cherbourg,yes,False
10,10,1,3,female,4.0,1,1,16.7,S,Third,child,False,Southampton,yes,False
11,11,1,1,female,58.0,0,0,26.55,S,First,woman,False,Southampton,yes,True
12,12,0,3,male,20.0,0,0,8.05,S,Third,man,True,Southampton,no,True
13,13,0,3,male,39.0,1,5,31.275,S,Third,man,True,Southampton,no,False
14,14,0,3,female,14.0,0,0,7.8542,S,Third,child,False,Southampton,no,True
15,15,1,2,female,55.0,0,0,16.0,S,Second,woman,False,Southampton,yes,True
16,16,0,3,male,2.0,4,1,29.125,Q,Third,child,False,Queenstown,no,False
17,17,1,2,male,33.0,0,0,13.0,S,Second,man,True,Southampton,yes,True
18,18,0,3,female,31.0,1,0,18.0,S,Third,woman,False,Southampton,no,False
19,19,1,3,female,32.0,0,0,7.225,C,Third,woman,False,Cherbourg,yes,True
20,20,0,2,male,35.0,0,0,26.0,S,Second,man,True,Southampton,no,True
21,21,1,2,male,34.0,0,0,13.0,S,Second,man,True,Southampton,yes,True
22,22,1,3,female,15.0,0,0,8.0292,Q,Third,child,False,Queenstown,yes,True
23,23,1,1,male,28.0,0,0,35.5,S,First,man,True,Southampton,yes,True
24,24,0,3,female,8.0,3,1,21.075,S,Third,child,False,Southampton,no,False
25,25,1,3,female,38.0,1,5,31.3875,S,Third,woman,False,Southampton,yes,False
26,26,0,3,male,33.0,0,0,7.225,C,Third,man,True,Cherbourg,no,True
27,27,0,1,male,19.0,3,2,263.0,S,First,man,True,Southampton,no,False
28,28,1,3,female,32.0,0,0,7.8792,Q,Third,woman,False,Queenstown,yes,True
29,29,0,3,male,33.0,0,0,7.8958,S,Third,man,True,Southampton,no,True
30,30,0,1,male,40.0,0,0,27.7208,C,First,man,True,Cherbourg,no,True
31,31,1,1,female,32.0,1,0,146.5208,C,First,woman,False,Cherbourg,yes,False
32,32,1,3,female,32.0,0,0,7.75,Q,Third,woman,False,Queenstown,yes,True
33,33,0,2,male,66.0,0,0,10.5,S,Second,man,True,Southampton,no,True
34,34,0,1,male,28.0,1,0,82.1708,C,First,man,True,Cherbourg,no,False
35,35,0,1,male,42.0,1,0,52.0,S,First,man,True,Southampton,no,False
36,36,1,3,male,33.0,0,0,7.2292,C,Third,man,True,Cherbourg,yes,True
37,37,0,3,male,21.0,0,0,8.05,S,Third,man,True,Southampton,no,True
38,38,0,3,female,18.0,2,0,18.0,S,Third,woman,False,Southampton,no,False
39,39,1,3,female,14.0,1,0,11.2417,C,Third,child,False,Cherbourg,yes,False
40,40,0,3,female,40.0,1,0,9.475,S,Third,woman,False,Southampton,no,False
41,41,0,2,female,27.0,1,0,21.0,S,Second,woman,False,Southampton,no,False
42,42,0,3,male,33.0,0,0,7.8958,C,Third,man,True,Cherbourg,no,True
43,43,1,2,female,3.0,1,2,41.5792,C,Second,child,False,Cherbourg,yes,False
44,44,1,3,female,19.0,0,0,7.8792,Q,Third,woman,False,Queenstown,yes,True
45,45,0,3,male,33.0,0,0,8.05,S,Third,man,True,Southampton,no,True
46,46,0,3,male,33.0,1,0,15.5,Q,Third,man,True,Queenstown,no,False
47,47,1,3,female,32.0,0,0,7.75,Q,Third,woman,False,Queenstown,yes,True
48,48,0,3,male,33.0,2,0,21.6792,C,Third,man,True,Cherbourg,no,False
49,49,0,3,female,18.0,1,0,17.8,S,Third,woman,False,Southampton,no,False
50,50,0,3,male,7.0,4,1,39.6875,S,Third,child,False,Southampton,no,False
51,51,0,3,male,21.0,0,0,7.8,S,Third,man,True,Southampton,no,True
52,52,1,1,female,49.0,1,0,76.7292,C,First,woman,False,Cherbourg,yes,False
53,53,1,2,female,29.0,1,0,26.0,S,Second,woman,False,Southampton,yes,False
54,54,0,1,male,65.0,0,1,61.9792,C,First,man,True,Cherbourg,no,False
55,55,1,1,male,33.0,0,0,35.5,S,First,man,True,Southampton,yes,True
56,56,1,2,female,21.0,0,0,10.5,S,Second,woman,False,Southampton,yes,True
57,57,0,3,male,28.5,0,0,7.2292,C,Third,man,True,Cherbourg,no,True
58,58,1,2,female,5.0,1,2,27.75,S,Second,child,False,Southampton,yes,False
59,59,0,3,male,11.0,5,2,46.9,S,Third,child,False,Southampton,no,False
60,60,0,3,male,22.0,0,0,7.2292,C,Third,man,True,Cherbourg,no,True
61,62,0,1,male,45.0,1,0,83.475,S,First,man,True,Southampton,no,False
62,63,0,3,male,4.0,3,2,27.9,S,Third,child,False,Southampton,no,False
63,64,0,1,male,33.0,0,0,27.7208,C,First,man,True,Cherbourg,no,True
64,65,1,3,male,33.0,1,1,15.2458,C,Third,man,True,Cherbourg,yes,False
65,66,1,2,female,29.0,0,0,10.5,S,Second,woman,False,Southampton,yes,True
66,67,0,3,male,19.0,0,0,8.1583,S,Third,man,True,Southampton,no,True
67,68,1,3,female,17.0,4,2,7.925,S,Third,woman,False,Southampton,yes,False
68,69,0,3,male,26.0,2,0,8.6625,S,Third,man,True,Southampton,no,False
69,70,0,2,male,32.0,0,0,10.5,S,Second,man,True,Southampton,no,True
70,71,0,3,female,16.0,5,2,46.9,S,Third,woman,False,Southampton,no,False
71,72,0,2,male,21.0,0,0,73.5,S,Second,man,True,Southampton,no,True
72,73,0,3,male,26.0,1,0,14.4542,C,Third,man,True,Cherbourg,no,False
73,74,1,3,male,32.0,0,0,56.4958,S,Third,man,True,Southampton,yes,True
74,75,0,3,male,25.0,0,0,7.65,S,Third,man,True,Southampton,no,True
75,76,0,3,male,33.0,0,0,7.8958,S,Third,man,True,Southampton,no,True
76,77,0,3,male,33.0,0,0,8.05,S,Third,man,True,Southampton,no,True
77,78,1,2,male,0.83,0,2,29.0,S,Second,child,False,Southampton,yes,False
78,79,1,3,female,30.0,0,0,12.475,S,Third,woman,False,Southampton,yes,True
79,80,0,3,male,22.0,0,0,9.0,S,Third,man,True,Southampton,no,True
80,81,1,3,male,29.0,0,0,9.5,S,Third,man,True,Southampton,yes,True
81,82,1,3,female,32.0,0,0,7.7875,Q,Third,woman,False,Queenstown,yes,True
82,83,0,1,male,28.0,0,0,47.1,S,First,man,True,Southampton,no,True
83,84,1,2,female,17.0,0,0,10.5,S,Second,woman,False,Southampton,yes,True
84,85,1,3,female,33.0,3,0,15.85,S,Third,woman,False,Southampton,yes,False
85,86,0,3,male,16.0,1,3,34.375,S,Third,man,True,Southampton,no,False
86,87,0,3,male,33.0,0,0,8.05,S,Third,man,True,Southampton,no,True
87,88,1,1,female,23.0,3,2,263.0,S,First,woman,False,Southampton,yes,False
88,89,0,3,male,24.0,0,0,8.05,S,Third,man,True,Southampton,no,True
89,90,0,3,male,29.0,0,0,8.05,S,Third,man,True,Southampton,no,True
90,91,0,3,male,20.0,0,0,7.8542,S,Third,man,True,Southampton,no,True
91,92,0,1,male,46.0,1,0,61.175,S,First,man,True,Southampton,no,False
92,93,0,3,male,26.0,1,2,20.575,S,Third,man,True,Southampton,no,False
93,94,0,3,male,59.0,0,0,7.25,S,Third,man,True,Southampton,no,True
94,95,0,3,male,33.0,0,0,8.05,S,Third,man,True,Southampton,no,True
95,96,0,1,male,71.0,0,0,34.6542,C,First,man,True,Cherbourg,no,True
96,97,1,1,male,23.0,0,1,63.3583,C,First,man,True,Cherbourg,yes,False
97,98,1,2,female,34.0,0,1,23.0,S,Second,woman,False,Southampton,yes,False
98,99,0,2,male,34.0,1,0,26.0,S,Second,man,True,Southampton,no,False
99,100,0,3,female,28.0,0,0,7.8958,S,Third,woman,False,Southampton,no,True
100,101,0,3,male,33.0,0,0,7.8958,S,Third,man,True,Southampton,no,True
101,102,0,1,male,21.0,0,1,77.2875,S,First,man,True,Southampton,no,False
102,103,0,3,male,33.0,0,0,8.6542,S,Third,man,True,Southampton,no,True
103,104,0,3,male,37.0,2,0,7.925,S,Third,man,True,Southampton,no,False
104,105,0,3,male,28.0,0,0,7.8958,S,Third,man,True,Southampton,no,True
105,106,1,3,female,21.0,0,0,7.65,S,Third,woman,False,Southampton,yes,True
106,107,1,3,male,33.0,0,0,7.775,S,Third,man,True,Southampton,yes,True
107,108,0,3,male,38.0,0,0,7.8958,S,Third,man,True,Southampton,no,True
108,109,1,3,female,32.0,1,0,24.15,Q,Third,woman,False,Queenstown,yes,False
109,110,0,1,male,47.0,0,0,52.0,S,First,man,True,Southampton,no,True
110,111,0,3,female,14.5,1,0,14.4542,C,Third,child,False,Cherbourg,no,False
111,112,0,3,male,22.0,0,0,8.05,S,Third,man,True,Southampton,no,True
112,113,0,3,female,20.0,1,0,9.825,S,Third,woman,False,Southampton,no,False
113,114,0,3,female,17.0,0,0,14.4583,C,Third,woman,False,Cherbourg,no,True
114,115,0,3,male,21.0,0,0,7.925,S,Third,man,True,Southampton,no,True
115,116,0,3,male,70.5,0,0,7.75,Q,Third,man,True,Queenstown,no,True
116,117,0,2,male,29.0,1,0,21.0,S,Second,man,True,Southampton,no,False
117,118,0,1,male,24.0,0,1,247.5208,C,First,man,True,Cherbourg,no,False
118,119,0,3,female,2.0,4,2,31.275,S,Third,child,False,Southampton,no,False
119,120,0,2,male,21.0,2,0,73.5,S,Second,man,True,Southampton,no,False
120,121,0,3,male,33.0,0,0,8.05,S,Third,man,True,Southampton,no,True
121,122,0,2,male,32.5,1,0,30.0708,C,Second,man,True,Cherbourg,no,False
122,123,1,2,female,32.5,0,0,13.0,S,Second,woman,False,Southampton,yes,True
123,124,0,1,male,54.0,0,1,77.2875,S,First,man,True,Southampton,no,False
124,125,1,3,male,12.0,1,0,11.2417,C,Third,child,False,Cherbourg,yes,False
125,126,0,3,male,33.0,0,0,7.75,Q,Third,man,True,Queenstown,no,True
126,127,1,3,male,24.0,0,0,7.1417,S,Third,man,True,Southampton,yes,True
127,128,1,3,female,32.0,1,1,22.3583,C,Third,woman,False,Cherbourg,yes,False
128,129,0,3,male,45.0,0,0,6.975,S,Third,man,True,Southampton,no,True
129,130,0,3,male,33.0,0,0,7.8958,C,Third,man,True,Cherbourg,no,True
130,131,0,3,male,20.0,0,0,7.05,S,Third,man,True,Southampton,no,True
131,132,0,3,female,47.0,1,0,14.5,S,Third,woman,False,Southampton,no,False
132,133,1,2,female,29.0,1,0,26.0,S,Second,woman,False,Southampton,yes,False
133,134,0,2,male,25.0,0,0,13.0,S,Second,man,True,Southampton,no,True
134,135,0,2,male,23.0,0,0,15.0458,C,Second,man,True,Cherbourg,no,True
135,136,1,1,female,19.0,0,2,26.2833,S,First,woman,False,Southampton,yes,False
136,137,0,1,male,37.0,1,0,53.1,S,First,man,True,Southampton,no,False
137,138,0,3,male,16.0,0,0,9.2167,S,Third,man,True,Southampton,no,True
138,139,0,1,male,24.0,0,0,79.2,C,First,man,True,Cherbourg,no,True
139,140,0,3,female,32.0,0,2,15.2458,C,Third,woman,False,Cherbourg,no,False
140,141,1,3,female,22.0,0,0,7.75,S,Third,woman,False,Southampton,yes,True
141,142,1,3,female,24.0,1,0,15.85,S,Third,woman,False,Southampton,yes,False
142,143,0,3,male,19.0,0,0,6.75,Q,Third,man,True,Queenstown,no,True
143,144,0,2,male,18.0,0,0,11.5,S,Second,man,True,Southampton,no,True
144,145,0,2,male,19.0,1,1,36.75,S,Second,man,True,Southampton,no,False
145,146,1,3,male,27.0,0,0,7.7958,S,Third,man,True,Southampton,yes,True
146,147,0,3,female,9.0,2,2,34.375,S,Third,child,False,Southampton,no,False
147,148,0,2,male,36.5,0,2,26.0,S,Second,man,True,Southampton,no,False
148,149,0,2,male,42.0,0,0,13.0,S,Second,man,True,Southampton,no,True
149,150,0,2,male,51.0,0,0,12.525,S,Second,man,True,Southampton,no,True
150,151,1,1,female,22.0,1,0,66.6,S,First,woman,False,Southampton,yes,False
151,152,0,3,male,55.5,0,0,8.05,S,Third,man,True,Southampton,no,True
152,153,0,3,male,40.5,0,2,14.5,S,Third,man,True,Southampton,no,False
153,154,0,3,male,33.0,0,0,7.3125,S,Third,man,True,Southampton,no,True
154,155,0,1,male,51.0,0,1,61.3792,C,First,man,True,Cherbourg,no,False
155,156,1,3,female,16.0,0,0,7.7333,Q,Third,woman,False,Queenstown,yes,True
156,157,0,3,male,30.0,0,0,8.05,S,Third,man,True,Southampton,no,True
157,158,0,3,male,33.0,0,0,8.6625,S,Third,man,True,Southampton,no,True
158,159,0,3,male,33.0,8,2,69.55,S,Third,man,True,Southampton,no,False
159,160,0,3,male,44.0,0,1,16.1,S,Third,man,True,Southampton,no,False
160,161,1,2,female,40.0,0,0,15.75,S,Second,woman,False,Southampton,yes,True
161,162,0,3,male,26.0,0,0,7.775,S,Third,man,True,Southampton,no,True
162,163,0,3,male,17.0,0,0,8.6625,S,Third,man,True,Southampton,no,True
163,164,0,3,male,1.0,4,1,39.6875,S,Third,child,False,Southampton,no,False
164,165,1,3,male,9.0,0,2,20.525,S,Third,child,False,Southampton,yes,False
165,166,1,1,female,32.0,0,1,55.0,S,First,woman,False,Southampton,yes,False
166,167,0,3,female,45.0,1,4,27.9,S,Third,woman,False,Southampton,no,False
167,168,0,1,male,33.0,0,0,25.925,S,First,man,True,Southampton,no,True
168,169,0,3,male,28.0,0,0,56.4958,S,Third,man,True,Southampton,no,True
169,170,0,1,male,61.0,0,0,33.5,S,First,man,True,Southampton,no,True
170,171,0,3,male,4.0,4,1,29.125,Q,Third,child,False,Queenstown,no,False
171,172,1,3,female,1.0,1,1,11.1333,S,Third,child,False,Southampton,yes,False
172,173,0,3,male,21.0,0,0,7.925,S,Third,man,True,Southampton,no,True
173,174,0,1,male,56.0,0,0,30.6958,C,First,man,True,Cherbourg,no,True
174,175,0,3,male,18.0,1,1,7.8542,S,Third,man,True,Southampton,no,False
175,176,0,3,male,33.0,3,1,25.4667,S,Third,man,True,Southampton,no,False
176,177,0,1,female,50.0,0,0,28.7125,C,First,woman,False,Cherbourg,no,True
177,178,0,2,male,30.0,0,0,13.0,S,Second,man,True,Southampton,no,True
178,179,0,3,male,36.0,0,0,0.0,S,Third,man,True,Southampton,no,True
179,180,0,3,female,32.0,8,2,69.55,S,Third,woman,False,Southampton,no,False
180,181,0,2,male,33.0,0,0,15.05,C,Second,man,True,Cherbourg,no,True
181,182,0,3,male,9.0,4,2,31.3875,S,Third,child,False,Southampton,no,False
182,183,1,2,male,1.0,2,1,39.0,S,Second,child,False,Southampton,yes,False
183,184,1,3,female,4.0,0,2,22.025,S,Third,child,False,Southampton,yes,False
184,185,0,1,male,33.0,0,0,50.0,S,First,man,True,Southampton,no,True
185,186,1,3,female,32.0,1,0,15.5,Q,Third,woman,False,Queenstown,yes,False
186,187,1,1,male,45.0,0,0,26.55,S,First,man,True,Southampton,yes,True
187,188,0,3,male,40.0,1,1,15.5,Q,Third,man,True,Queenstown,no,False
188,189,0,3,male,36.0,0,0,7.8958,S,Third,man,True,Southampton,no,True
189,190,1,2,female,32.0,0,0,13.0,S,Second,woman,False,Southampton,yes,True
190,191,0,2,male,19.0,0,0,13.0,S,Second,man,True,Southampton,no,True
191,192,1,3,female,19.0,1,0,7.8542,S,Third,woman,False,Southampton,yes,False
192,193,1,2,male,3.0,1,1,26.0,S,Second,child,False,Southampton,yes,False
193,194,1,1,female,44.0,0,0,27.7208,C,First,woman,False,Cherbourg,yes,True
194,195,1,1,female,58.0,0,0,146.5208,C,First,woman,False,Cherbourg,yes,True
195,196,0,3,male,33.0,0,0,7.75,Q,Third,man,True,Queenstown,no,True
196,197,0,3,male,42.0,0,1,8.4042,S,Third,man,True,Southampton,no,False
197,198,1,3,female,32.0,0,0,7.75,Q,Third,woman,False,Queenstown,yes,True
198,199,0,2,female,24.0,0,0,13.0,S,Second,woman,False,Southampton,no,True
199,200,0,3,male,28.0,0,0,9.5,S,Third,man,True,Southampton,no,True
200,201,0,3,male,33.0,8,2,69.55,S,Third,man,True,Southampton,no,False
201,202,0,3,male,34.0,0,0,6.4958,S,Third,man,True,Southampton,no,True
202,203,0,3,male,45.5,0,0,7.225,C,Third,man,True,Cherbourg,no,True
203,204,1,3,male,18.0,0,0,8.05,S,Third,man,True,Southampton,yes,True
204,205,0,3,female,2.0,0,1,10.4625,S,Third,child,False,Southampton,no,False
205,206,0,3,male,32.0,1,0,15.85,S,Third,man,True,Southampton,no,False
206,207,1,3,male,26.0,0,0,18.7875,C,Third,man,True,Cherbourg,yes,True
207,208,1,3,female,16.0,0,0,7.75,Q,Third,woman,False,Queenstown,yes,True
208,209,1,1,male,40.0,0,0,31.0,C,First,man,True,Cherbourg,yes,True
209,210,0,3,male,24.0,0,0,7.05,S,Third,man,True,Southampton,no,True
210,211,1,2,female,35.0,0,0,21.0,S,Second,woman,False,Southampton,yes,True
211,212,0,3,male,22.0,0,0,7.25,S,Third,man,True,Southampton,no,True
212,213,0,2,male,30.0,0,0,13.0,S,Second,man,True,Southampton,no,True
213,214,0,3,male,33.0,1,0,7.75,Q,Third,man,True,Queenstown,no,False
214,215,1,1,female,31.0,1,0,113.275,C,First,woman,False,Cherbourg,yes,False
215,216,1,3,female,27.0,0,0,7.925,S,Third,woman,False,Southampton,yes,True
216,217,0,2,male,42.0,1,0,27.0,S,Second,man,True,Southampton,no,False
217,218,1,1,female,32.0,0,0,76.2917,C,First,woman,False,Cherbourg,yes,True
218,219,0,2,male,30.0,0,0,10.5,S,Second,man,True,Southampton,no,True
219,220,1,3,male,16.0,0,0,8.05,S,Third,man,True,Southampton,yes,True
220,221,0,2,male,27.0,0,0,13.0,S,Second,man,True,Southampton,no,True
221,222,0,3,male,51.0,0,0,8.05,S,Third,man,True,Southampton,no,True
222,223,0,3,male,33.0,0,0,7.8958,S,Third,man,True,Southampton,no,True
223,224,1,1,male,38.0,1,0,90.0,S,First,man,True,Southampton,yes,False
224,225,0,3,male,22.0,0,0,9.35,S,Third,man,True,Southampton,no,True
225,226,1,2,male,19.0,0,0,10.5,S,Second,man,True,Southampton,yes,True
226,227,0,3,male,20.5,0,0,7.25,S,Third,man,True,Southampton,no,True
227,228,0,2,male,18.0,0,0,13.0,S,Second,man,True,Southampton,no,True
228,229,0,3,female,32.0,3,1,25.4667,S,Third,woman,False,Southampton,no,False
229,230,1,1,female,35.0,1,0,83.475,S,First,woman,False,Southampton,yes,False
230,231,0,3,male,29.0,0,0,7.775,S,Third,man,True,Southampton,no,True
231,232,0,2,male,59.0,0,0,13.5,S,Second,man,True,Southampton,no,True
232,233,1,3,female,5.0,4,2,31.3875,S,Third,child,False,Southampton,yes,False
233,234,0,2,male,24.0,0,0,10.5,S,Second,man,True,Southampton,no,True
234,235,0,3,female,32.0,0,0,7.55,S,Third,woman,False,Southampton,no,True
235,236,0,2,male,44.0,1,0,26.0,S,Second,man,True,Southampton,no,False
236,237,1,2,female,8.0,0,2,26.25,S,Second,child,False,Southampton,yes,False
237,238,0,2,male,19.0,0,0,10.5,S,Second,man,True,Southampton,no,True
238,239,0,2,male,33.0,0,0,12.275,S,Second,man,True,Southampton,no,True
239,240,0,3,female,32.0,1,0,14.4542,C,Third,woman,False,Cherbourg,no,False
240,241,1,3,female,32.0,1,0,15.5,Q,Third,woman,False,Queenstown,yes,False
241,242,0,2,male,29.0,0,0,10.5,S,Second,man,True,Southampton,no,True
242,243,0,3,male,22.0,0,0,7.125,S,Third,man,True,Southampton,no,True
243,244,0,3,male,30.0,0,0,7.225,C,Third,man,True,Cherbourg,no,True
244,245,0,1,male,44.0,2,0,90.0,Q,First,man,True,Queenstown,no,False
245,246,0,3,female,25.0,0,0,7.775,S,Third,woman,False,Southampton,no,True
246,247,1,2,female,24.0,0,2,14.5,S,Second,woman,False,Southampton,yes,False
247,248,1,1,male,37.0,1,1,52.5542,S,First,man,True,Southampton,yes,False
248,249,0,2,male,54.0,1,0,26.0,S,Second,man,True,Southampton,no,False
249,250,0,3,male,33.0,0,0,7.25,S,Third,man,True,Southampton,no,True
250,251,0,3,female,29.0,1,1,10.4625,S,Third,woman,False,Southampton,no,False
251,252,0,1,male,62.0,0,0,26.55,S,First,man,True,Southampton,no,True
252,253,0,3,male,30.0,1,0,16.1,S,Third,man,True,Southampton,no,False
253,254,0,3,female,41.0,0,2,20.2125,S,Third,woman,False,Southampton,no,False
254,255,1,3,female,29.0,0,2,15.2458,C,Third,woman,False,Cherbourg,yes,False
255,256,1,1,female,32.0,0,0,79.2,C,First,woman,False,Cherbourg,yes,True
256,257,1,1,female,30.0,0,0,86.5,S,First,woman,False,Southampton,yes,True
257,258,1,1,female,35.0,0,0,512.3292,C,First,woman,False,Cherbourg,yes,True
258,259,1,2,female,50.0,0,1,26.0,S,Second,woman,False,Southampton,yes,False
259,260,0,3,male,33.0,0,0,7.75,Q,Third,man,True,Queenstown,no,True
260,261,1,3,male,3.0,4,2,31.3875,S,Third,child,False,Southampton,yes,False
261,262,0,1,male,52.0,1,1,79.65,S,First,man,True,Southampton,no,False
262,263,0,1,male,40.0,0,0,0.0,S,First,man,True,Southampton,no,True
263,264,0,3,female,32.0,0,0,7.75,Q,Third,woman,False,Queenstown,no,True
264,265,0,2,male,36.0,0,0,10.5,S,Second,man,True,Southampton,no,True
265,266,0,3,male,16.0,4,1,39.6875,S,Third,man,True,Southampton,no,False
266,267,1,3,male,25.0,1,0,7.775,S,Third,man,True,Southampton,yes,False
267,268,1,1,female,58.0,0,1,153.4625,S,First,woman,False,Southampton,yes,False
268,269,1,1,female,35.0,0,0,135.6333,S,First,woman,False,Southampton,yes,True
269,270,0,1,male,33.0,0,0,31.0,S,First,man,True,Southampton,no,True
270,271,1,3,male,25.0,0,0,0.0,S,Third,man,True,Southampton,yes,True
271,272,1,2,female,41.0,0,1,19.5,S,Second,woman,False,Southampton,yes,False
272,273,0,1,male,37.0,0,1,29.7,C,First,man,True,Cherbourg,no,False
273,274,1,3,female,32.0,0,0,7.75,Q,Third,woman,False,Queenstown,yes,True
274,275,1,1,female,63.0,1,0,77.9583,S,First,woman,False,Southampton,yes,False
275,276,0,3,female,45.0,0,0,7.75,S,Third,woman,False,Southampton,no,True
276,277,0,2,male,33.0,0,0,0.0,S,Second,man,True,Southampton,no,True
277,278,0,3,male,7.0,4,1,29.125,Q,Third,child,False,Queenstown,no,False
278,279,1,3,female,35.0,1,1,20.25,S,Third,woman,False,Southampton,yes,False
279,280,0,3,male,65.0,0,0,7.75,Q,Third,man,True,Queenstown,no,True
280,281,0,3,male,28.0,0,0,7.8542,S,Third,man,True,Southampton,no,True
281,282,0,3,male,16.0,0,0,9.5,S,Third,man,True,Southampton,no,True
282,283,1,3,male,19.0,0,0,8.05,S,Third,man,True,Southampton,yes,True
283,284,0,1,male,33.0,0,0,26.0,S,First,man,True,Southampton,no,True
284,285,0,3,male,33.0,0,0,8.6625,C,Third,man,True,Cherbourg,no,True
285,286,1,3,male,30.0,0,0,9.5,S,Third,man,True,Southampton,yes,True
286,287,0,3,male,22.0,0,0,7.8958,S,Third,man,True,Southampton,no,True
287,288,1,2,male,42.0,0,0,13.0,S,Second,man,True,Southampton,yes,True
288,289,1,3,female,22.0,0,0,7.75,Q,Third,woman,False,Queenstown,yes,True
289,290,1,1,female,26.0,0,0,78.85,S,First,woman,False,Southampton,yes,True
290,291,1,1,female,19.0,1,0,91.0792,C,First,woman,False,Cherbourg,yes,False
291,292,0,2,male,36.0,0,0,12.875,C,Second,man,True,Cherbourg,no,True
292,293,0,3,female,24.0,0,0,8.85,S,Third,woman,False,Southampton,no,True
293,294,0,3,male,24.0,0,0,7.8958,S,Third,man,True,Southampton,no,True
294,295,0,1,male,33.0,0,0,27.7208,C,First,man,True,Cherbourg,no,True
295,296,0,3,male,23.5,0,0,7.2292,C,Third,man,True,Cherbourg,no,True
296,297,0,1,female,2.0,1,2,151.55,S,First,child,False,Southampton,no,False
297,298,1,1,male,33.0,0,0,30.5,S,First,man,True,Southampton,yes,True
298,299,1,1,female,50.0,0,1,247.5208,C,First,woman,False,Cherbourg,yes,False
299,300,1,3,female,32.0,0,0,7.75,Q,Third,woman,False,Queenstown,yes,True
300,301,1,3,male,33.0,2,0,23.25,Q,Third,man,True,Queenstown,yes,False
301,302,0,3,male,19.0,0,0,0.0,S,Third,man,True,Southampton,no,True
302,303,1,2,female,32.0,0,0,12.35,Q,Second,woman,False,Queenstown,yes,True
303,304,0,3,male,33.0,0,0,8.05,S,Third,man,True,Southampton,no,True
304,305,1,1,male,0.92,1,2,151.55,S,First,child,False,Southampton,yes,False
305,306,1,1,female,32.0,0,0,110.8833,C,First,woman,False,Cherbourg,yes,True
306,307,1,1,female,17.0,1,0,108.9,C,First,woman,False,Cherbourg,yes,False
307,308,0,2,male,30.0,1,0,24.0,C,Second,man,True,Cherbourg,no,False
308,309,1,1,female,30.0,0,0,56.9292,C,First,woman,False,Cherbourg,yes,True
309,310,1,1,female,24.0,0,0,83.1583,C,First,woman,False,Cherbourg,yes,True
310,311,1,1,female,18.0,2,2,262.375,C,First,woman,False,Cherbourg,yes,False
311,312,0,2,female,26.0,1,1,26.0,S,Second,woman,False,Southampton,no,False
312,313,0,3,male,28.0,0,0,7.8958,S,Third,man,True,Southampton,no,True
313,314,0,2,male,43.0,1,1,26.25,S,Second,man,True,Southampton,no,False
314,315,1,3,female,26.0,0,0,7.8542,S,Third,woman,False,Southampton,yes,True
315,316,1,2,female,24.0,1,0,26.0,S,Second,woman,False,Southampton,yes,False
316,317,0,2,male,54.0,0,0,14.0,S,Second,man,True,Southampton,no,True
317,318,1,1,female,31.0,0,2,164.8667,S,First,woman,False,Southampton,yes,False
318,319,1,1,female,40.0,1,1,134.5,C,First,woman,False,Cherbourg,yes,False
319,320,0,3,male,22.0,0,0,7.25,S,Third,man,True,Southampton,no,True
320,321,0,3,male,27.0,0,0,7.8958,S,Third,man,True,Southampton,no,True
321,322,1,2,female,30.0,0,0,12.35,Q,Second,woman,False,Queenstown,yes,True
322,323,1,2,female,22.0,1,1,29.0,S,Second,woman,False,Southampton,yes,False
323,324,0,3,male,33.0,8,2,69.55,S,Third,man,True,Southampton,no,False
324,325,1,1,female,36.0,0,0,135.6333,C,First,woman,False,Cherbourg,yes,True
325,326,0,3,male,61.0,0,0,6.2375,S,Third,man,True,Southampton,no,True
326,327,1,2,female,36.0,0,0,13.0,S,Second,woman,False,Southampton,yes,True
327,328,1,3,female,31.0,1,1,20.525,S,Third,woman,False,Southampton,yes,False
328,329,1,1,female,16.0,0,1,57.9792,C,First,woman,False,Cherbourg,yes,False
329,330,1,3,female,32.0,2,0,23.25,Q,Third,woman,False,Queenstown,yes,False
330,331,0,1,male,45.5,0,0,28.5,S,First,man,True,Southampton,no,True
331,332,0,1,male,38.0,0,1,153.4625,S,First,man,True,Southampton,no,False
332,333,0,3,male,16.0,2,0,18.0,S,Third,man,True,Southampton,no,False
333,334,1,1,female,32.0,1,0,133.65,S,First,woman,False,Southampton,yes,False
334,335,0,3,male,33.0,0,0,7.8958,S,Third,man,True,Southampton,no,True
335,336,0,1,male,29.0,1,0,66.6,S,First,man,True,Southampton,no,False
336,337,1,1,female,41.0,0,0,134.5,C,First,woman,False,Cherbourg,yes,True
337,338,1,3,male,45.0,0,0,8.05,S,Third,man,True,Southampton,yes,True
338,339,0,1,male,45.0,0,0,35.5,S,First,man,True,Southampton,no,True
339,340,1,2,male,2.0,1,1,26.0,S,Second,child,False,Southampton,yes,False
340,341,1,1,female,24.0,3,2,263.0,S,First,woman,False,Southampton,yes,False
341,342,0,2,male,28.0,0,0,13.0,S,Second,man,True,Southampton,no,True
342,343,0,2,male,25.0,0,0,13.0,S,Second,man,True,Southampton,no,True
343,344,0,2,male,36.0,0,0,13.0,S,Second,man,True,Southampton,no,True
344,345,1,2,female,24.0,0,0,13.0,S,Second,woman,False,Southampton,yes,True
345,346,1,2,female,40.0,0,0,13.0,S,Second,woman,False,Southampton,yes,True
346,347,1,3,female,32.0,1,0,16.1,S,Third,woman,False,Southampton,yes,False
347,348,1,3,male,3.0,1,1,15.9,S,Third,child,False,Southampton,yes,False
348,349,0,3,male,42.0,0,0,8.6625,S,Third,man,True,Southampton,no,True
349,350,0,3,male,23.0,0,0,9.225,S,Third,man,True,Southampton,no,True
350,351,0,1,male,33.0,0,0,35.0,S,First,man,True,Southampton,no,True
351,352,0,3,male,15.0,1,1,7.2292,C,Third,child,False,Cherbourg,no,False
352,353,0,3,male,25.0,1,0,17.8,S,Third,man,True,Southampton,no,False
353,354,0,3,male,33.0,0,0,7.225,C,Third,man,True,Cherbourg,no,True
354,355,0,3,male,28.0,0,0,9.5,S,Third,man,True,Southampton,no,True
355,356,1,1,female,22.0,0,1,55.0,S,First,woman,False,Southampton,yes,False
356,357,0,2,female,38.0,0,0,13.0,S,Second,woman,False,Southampton,no,True
357,358,1,3,female,32.0,0,0,7.8792,Q,Third,woman,False,Queenstown,yes,True
358,359,1,3,female,32.0,0,0,7.8792,Q,Third,woman,False,Queenstown,yes,True
359,360,0,3,male,40.0,1,4,27.9,S,Third,man,True,Southampton,no,False
360,361,0,2,male,29.0,1,0,27.7208,C,Second,man,True,Cherbourg,no,False
361,362,0,3,female,45.0,0,1,14.4542,C,Third,woman,False,Cherbourg,no,False
362,363,0,3,male,35.0,0,0,7.05,S,Third,man,True,Southampton,no,True
363,364,0,3,male,33.0,1,0,15.5,Q,Third,man,True,Queenstown,no,False
364,365,0,3,male,30.0,0,0,7.25,S,Third,man,True,Southampton,no,True
365,366,1,1,female,60.0,1,0,75.25,C,First,woman,False,Cherbourg,yes,False
366,367,1,3,female,32.0,0,0,7.2292,C,Third,woman,False,Cherbourg,yes,True
367,368,1,3,female,32.0,0,0,7.75,Q,Third,woman,False,Queenstown,yes,True
368,369,1,1,female,24.0,0,0,69.3,C,First,woman,False,Cherbourg,yes,True
369,370,1,1,male,25.0,1,0,55.4417,C,First,man,True,Cherbourg,yes,False
370,371,0,3,male,18.0,1,0,6.4958,S,Third,man,True,Southampton,no,False
371,372,0,3,male,19.0,0,0,8.05,S,Third,man,True,Southampton,no,True
372,373,0,1,male,22.0,0,0,135.6333,C,First,man,True,Cherbourg,no,True
373,374,0,3,female,3.0,3,1,21.075,S,Third,child,False,Southampton,no,False
374,375,1,1,female,32.0,1,0,82.1708,C,First,woman,False,Cherbourg,yes,False
375,376,1,3,female,22.0,0,0,7.25,S,Third,woman,False,Southampton,yes,True
376,377,0,1,male,27.0,0,2,211.5,C,First,man,True,Cherbourg,no,False
377,378,0,3,male,20.0,0,0,4.0125,C,Third,man,True,Cherbourg,no,True
378,379,0,3,male,19.0,0,0,7.775,S,Third,man,True,Southampton,no,True
379,380,1,1,female,42.0,0,0,227.525,C,First,woman,False,Cherbourg,yes,True
380,381,1,3,female,1.0,0,2,15.7417,C,Third,child,False,Cherbourg,yes,False
381,382,0,3,male,32.0,0,0,7.925,S,Third,man,True,Southampton,no,True
382,383,1,1,female,35.0,1,0,52.0,S,First,woman,False,Southampton,yes,False
383,384,0,3,male,33.0,0,0,7.8958,S,Third,man,True,Southampton,no,True
384,385,0,2,male,18.0,0,0,73.5,S,Second,man,True,Southampton,no,True
385,386,0,3,male,1.0,5,2,46.9,S,Third,child,False,Southampton,no,False
386,387,1,2,female,36.0,0,0,13.0,S,Second,woman,False,Southampton,yes,True
387,388,0,3,male,33.0,0,0,7.7292,Q,Third,man,True,Queenstown,no,True
388,389,1,2,female,17.0,0,0,12.0,C,Second,woman,False,Cherbourg,yes,True
389,390,1,1,male,36.0,1,2,120.0,S,First,man,True,Southampton,yes,False
390,391,1,3,male,21.0,0,0,7.7958,S,Third,man,True,Southampton,yes,True
391,392,0,3,male,28.0,2,0,7.925,S,Third,man,True,Southampton,no,False
392,393,1,1,female,23.0,1,0,113.275,C,First,woman,False,Cherbourg,yes,False
393,394,1,3,female,24.0,0,2,16.7,S,Third,woman,False,Southampton,yes,False
394,395,0,3,male,22.0,0,0,7.7958,S,Third,man,True,Southampton,no,True
395,396,0,3,female,31.0,0,0,7.8542,S,Third,woman,False,Southampton,no,True
396,397,0,2,male,46.0,0,0,26.0,S,Second,man,True,Southampton,no,True
397,398,0,2,male,23.0,0,0,10.5,S,Second,man,True,Southampton,no,True
398,399,1,2,female,28.0,0,0,12.65,S,Second,woman,False,Southampton,yes,True
399,400,1,3,male,39.0,0,0,7.925,S,Third,man,True,Southampton,yes,True
400,401,0,3,male,26.0,0,0,8.05,S,Third,man,True,Southampton,no,True
401,402,0,3,female,21.0,1,0,9.825,S,Third,woman,False,Southampton,no,False
402,403,0,3,male,28.0,1,0,15.85,S,Third,man,True,Southampton,no,False
403,404,0,3,female,20.0,0,0,8.6625,S,Third,woman,False,Southampton,no,True
404,405,0,2,male,34.0,1,0,21.0,S,Second,man,True,Southampton,no,False
405,406,0,3,male,51.0,0,0,7.75,S,Third,man,True,Southampton,no,True
406,407,1,2,male,3.0,1,1,18.75,S,Second,child,False,Southampton,yes,False
407,408,0,3,male,21.0,0,0,7.775,S,Third,man,True,Southampton,no,True
408,409,0,3,female,32.0,3,1,25.4667,S,Third,woman,False,Southampton,no,False
409,410,0,3,male,33.0,0,0,7.8958,S,Third,man,True,Southampton,no,True
410,411,0,3,male,33.0,0,0,6.8583,Q,Third,man,True,Queenstown,no,True
411,412,1,1,female,33.0,1,0,90.0,Q,First,woman,False,Queenstown,yes,False
412,413,0,2,male,33.0,0,0,0.0,S,Second,man,True,Southampton,no,True
413,414,1,3,male,44.0,0,0,7.925,S,Third,man,True,Southampton,yes,True
414,415,0,3,female,32.0,0,0,8.05,S,Third,woman,False,Southampton,no,True
415,416,1,2,female,34.0,1,1,32.5,S,Second,woman,False,Southampton,yes,False
416,417,1,2,female,18.0,0,2,13.0,S,Second,woman,False,Southampton,yes,False
417,418,0,2,male,30.0,0,0,13.0,S,Second,man,True,Southampton,no,True
418,419,0,3,female,10.0,0,2,24.15,S,Third,child,False,Southampton,no,False
419,420,0,3,male,33.0,0,0,7.8958,C,Third,man,True,Cherbourg,no,True
420,421,0,3,male,21.0,0,0,7.7333,Q,Third,man,True,Queenstown,no,True
421,422,0,3,male,29.0,0,0,7.875,S,Third,man,True,Southampton,no,True
422,423,0,3,female,28.0,1,1,14.4,S,Third,woman,False,Southampton,no,False
423,424,0,3,male,18.0,1,1,20.2125,S,Third,man,True,Southampton,no,False
424,425,0,3,male,33.0,0,0,7.25,S,Third,man,True,Southampton,no,True
425,426,1,2,female,28.0,1,0,26.0,S,Second,woman,False,Southampton,yes,False
426,427,1,2,female,19.0,0,0,26.0,S,Second,woman,False,Southampton,yes,True
427,428,0,3,male,33.0,0,0,7.75,Q,Third,man,True,Queenstown,no,True
428,429,1,3,male,32.0,0,0,8.05,S,Third,man,True,Southampton,yes,True
429,430,1,1,male,28.0,0,0,26.55,S,First,man,True,Southampton,yes,True
430,431,1,3,female,32.0,1,0,16.1,S,Third,woman,False,Southampton,yes,False
431,432,1,2,female,42.0,1,0,26.0,S,Second,woman,False,Southampton,yes,False
432,433,0,3,male,17.0,0,0,7.125,S,Third,man,True,Southampton,no,True
433,434,0,1,male,50.0,1,0,55.9,S,First,man,True,Southampton,no,False
434,435,1,1,female,14.0,1,2,120.0,S,First,child,False,Southampton,yes,False
435,436,0,3,female,21.0,2,2,34.375,S,Third,woman,False,Southampton,no,False
436,437,1,2,female,24.0,2,3,18.75,S,Second,woman,False,Southampton,yes,False
437,438,0,1,male,64.0,1,4,263.0,S,First,man,True,Southampton,no,False
438,439,0,2,male,31.0,0,0,10.5,S,Second,man,True,Southampton,no,True
439,440,1,2,female,45.0,1,1,26.25,S,Second,woman,False,Southampton,yes,False
440,441,0,3,male,20.0,0,0,9.5,S,Third,man,True,Southampton,no,True
441,442,0,3,male,25.0,1,0,7.775,S,Third,man,True,Southampton,no,False
442,443,1,2,female,28.0,0,0,13.0,S,Second,woman,False,Southampton,yes,True
443,444,1,3,male,33.0,0,0,8.1125,S,Third,man,True,Southampton,yes,True
444,445,1,1,male,4.0,0,2,81.8583,S,First,child,False,Southampton,yes,False
445,446,1,2,female,13.0,0,1,19.5,S,Second,child,False,Southampton,yes,False
446,447,1,1,male,34.0,0,0,26.55,S,First,man,True,Southampton,yes,True
447,448,1,3,female,5.0,2,1,19.2583,C,Third,child,False,Cherbourg,yes,False
448,449,1,1,male,52.0,0,0,30.5,S,First,man,True,Southampton,yes,True
449,450,0,2,male,36.0,1,2,27.75,S,Second,man,True,Southampton,no,False
450,451,0,3,male,33.0,1,0,19.9667,S,Third,man,True,Southampton,no,False
451,452,0,1,male,30.0,0,0,27.75,C,First,man,True,Cherbourg,no,True
452,453,1,1,male,49.0,1,0,89.1042,C,First,man,True,Cherbourg,yes,False
453,454,0,3,male,33.0,0,0,8.05,S,Third,man,True,Southampton,no,True
454,455,1,3,male,29.0,0,0,7.8958,C,Third,man,True,Cherbourg,yes,True
455,456,0,1,male,65.0,0,0,26.55,S,First,man,True,Southampton,no,True
456,457,1,1,female,32.0,1,0,51.8625,S,First,woman,False,Southampton,yes,False
457,458,1,2,female,50.0,0,0,10.5,S,Second,woman,False,Southampton,yes,True
458,459,0,3,male,33.0,0,0,7.75,Q,Third,man,True,Queenstown,no,True
459,460,1,1,male,48.0,0,0,26.55,S,First,man,True,Southampton,yes,True
460,461,0,3,male,34.0,0,0,8.05,S,Third,man,True,Southampton,no,True
461,462,0,1,male,47.0,0,0,38.5,S,First,man,True,Southampton,no,True
462,463,0,2,male,48.0,0,0,13.0,S,Second,man,True,Southampton,no,True
463,464,0,3,male,33.0,0,0,8.05,S,Third,man,True,Southampton,no,True
464,465,0,3,male,38.0,0,0,7.05,S,Third,man,True,Southampton,no,True
465,466,0,2,male,33.0,0,0,0.0,S,Second,man,True,Southampton,no,True
466,467,0,1,male,56.0,0,0,26.55,S,First,man,True,Southampton,no,True
467,468,0,3,male,33.0,0,0,7.725,Q,Third,man,True,Queenstown,no,True
468,469,1,3,female,0.75,2,1,19.2583,C,Third,child,False,Cherbourg,yes,False
469,470,0,3,male,33.0,0,0,7.25,S,Third,man,True,Southampton,no,True
470,471,0,3,male,38.0,0,0,8.6625,S,Third,man,True,Southampton,no,True
471,472,1,2,female,33.0,1,2,27.75,S,Second,woman,False,Southampton,yes,False
472,473,1,2,female,23.0,0,0,13.7917,C,Second,woman,False,Cherbourg,yes,True
473,474,0,3,female,22.0,0,0,9.8375,S,Third,woman,False,Southampton,no,True
474,475,0,1,male,33.0,0,0,52.0,S,First,man,True,Southampton,no,True
475,476,0,2,male,34.0,1,0,21.0,S,Second,man,True,Southampton,no,False
476,477,0,3,male,29.0,1,0,7.0458,S,Third,man,True,Southampton,no,False
477,478,0,3,male,22.0,0,0,7.5208,S,Third,man,True,Southampton,no,True
478,479,1,3,female,2.0,0,1,12.2875,S,Third,child,False,Southampton,yes,False
479,480,0,3,male,9.0,5,2,46.9,S,Third,child,False,Southampton,no,False
480,481,0,2,male,33.0,0,0,0.0,S,Second,man,True,Southampton,no,True
481,482,0,3,male,50.0,0,0,8.05,S,Third,man,True,Southampton,no,True
482,483,1,3,female,63.0,0,0,9.5875,S,Third,woman,False,Southampton,yes,True
483,484,1,1,male,25.0,1,0,91.0792,C,First,man,True,Cherbourg,yes,False
484,485,0,3,female,32.0,3,1,25.4667,S,Third,woman,False,Southampton,no,False
485,486,1,1,female,35.0,1,0,90.0,S,First,woman,False,Southampton,yes,False
486,487,0,1,male,58.0,0,0,29.7,C,First,man,True,Cherbourg,no,True
487,488,0,3,male,30.0,0,0,8.05,S,Third,man,True,Southampton,no,True
488,489,1,3,male,9.0,1,1,15.9,S,Third,child,False,Southampton,yes,False
489,490,0,3,male,33.0,1,0,19.9667,S,Third,man,True,Southampton,no,False
490,491,0,3,male,21.0,0,0,7.25,S,Third,man,True,Southampton,no,True
491,492,0,1,male,55.0,0,0,30.5,S,First,man,True,Southampton,no,True
492,493,0,1,male,71.0,0,0,49.5042,C,First,man,True,Cherbourg,no,True
493,494,0,3,male,21.0,0,0,8.05,S,Third,man,True,Southampton,no,True
494,495,0,3,male,33.0,0,0,14.4583,C,Third,man,True,Cherbourg,no,True
495,496,1,1,female,54.0,1,0,78.2667,C,First,woman,False,Cherbourg,yes,False
496,497,0,3,male,33.0,0,0,15.1,S,Third,man,True,Southampton,no,True
497,498,0,1,female,25.0,1,2,151.55,S,First,woman,False,Southampton,no,False
498,499,0,3,male,24.0,0,0,7.7958,S,Third,man,True,Southampton,no,True
499,500,0,3,male,17.0,0,0,8.6625,S,Third,man,True,Southampton,no,True
500,501,0,3,female,21.0,0,0,7.75,Q,Third,woman,False,Queenstown,no,True
501,502,0,3,female,32.0,0,0,7.6292,Q,Third,woman,False,Queenstown,no,True
502,503,0,3,female,37.0,0,0,9.5875,S,Third,woman,False,Southampton,no,True
503,504,1,1,female,16.0,0,0,86.5,S,First,woman,False,Southampton,yes,True
504,505,0,1,male,18.0,1,0,108.9,C,First,man,True,Cherbourg,no,False
505,506,1,2,female,33.0,0,2,26.0,S,Second,woman,False,Southampton,yes,False
506,507,1,1,male,33.0,0,0,26.55,S,First,man,True,Southampton,yes,True
507,508,0,3,male,28.0,0,0,22.525,S,Third,man,True,Southampton,no,True
508,509,1,3,male,26.0,0,0,56.4958,S,Third,man,True,Southampton,yes,True
509,510,1,3,male,29.0,0,0,7.75,Q,Third,man,True,Queenstown,yes,True
510,511,0,3,male,33.0,0,0,8.05,S,Third,man,True,Southampton,no,True
511,512,1,1,male,36.0,0,0,26.2875,S,First,man,True,Southampton,yes,True
512,513,1,1,female,54.0,1,0,59.4,C,First,woman,False,Cherbourg,yes,False
513,514,0,3,male,24.0,0,0,7.4958,S,Third,man,True,Southampton,no,True
514,515,0,1,male,47.0,0,0,34.0208,S,First,man,True,Southampton,no,True
515,516,1,2,female,34.0,0,0,10.5,S,Second,woman,False,Southampton,yes,True
516,517,0,3,male,33.0,0,0,24.15,Q,Third,man,True,Queenstown,no,True
517,518,1,2,female,36.0,1,0,26.0,S,Second,woman,False,Southampton,yes,False
518,519,0,3,male,32.0,0,0,7.8958,S,Third,man,True,Southampton,no,True
519,520,1,1,female,30.0,0,0,93.5,S,First,woman,False,Southampton,yes,True
520,521,0,3,male,22.0,0,0,7.8958,S,Third,man,True,Southampton,no,True
521,522,0,3,male,33.0,0,0,7.225,C,Third,man,True,Cherbourg,no,True
522,523,1,1,female,44.0,0,1,57.9792,C,First,woman,False,Cherbourg,yes,False
523,524,0,3,male,33.0,0,0,7.2292,C,Third,man,True,Cherbourg,no,True
524,525,0,3,male,40.5,0,0,7.75,Q,Third,man,True,Queenstown,no,True
525,526,1,2,female,50.0,0,0,10.5,S,Second,woman,False,Southampton,yes,True
526,527,0,1,male,33.0,0,0,221.7792,S,First,man,True,Southampton,no,True
527,528,0,3,male,39.0,0,0,7.925,S,Third,man,True,Southampton,no,True
528,529,0,2,male,23.0,2,1,11.5,S,Second,man,True,Southampton,no,False
529,530,1,2,female,2.0,1,1,26.0,S,Second,child,False,Southampton,yes,False
530,531,0,3,male,33.0,0,0,7.2292,C,Third,man,True,Cherbourg,no,True
531,532,0,3,male,17.0,1,1,7.2292,C,Third,man,True,Cherbourg,no,False
532,533,1,3,female,32.0,0,2,22.3583,C,Third,woman,False,Cherbourg,yes,False
533,534,0,3,female,30.0,0,0,8.6625,S,Third,woman,False,Southampton,no,True
534,535,1,2,female,7.0,0,2,26.25,S,Second,child,False,Southampton,yes,False
535,536,0,1,male,45.0,0,0,26.55,S,First,man,True,Southampton,no,True
536,537,1,1,female,30.0,0,0,106.425,C,First,woman,False,Cherbourg,yes,True
537,538,0,3,male,33.0,0,0,14.5,S,Third,man,True,Southampton,no,True
538,539,1,1,female,22.0,0,2,49.5,C,First,woman,False,Cherbourg,yes,False
539,540,1,1,female,36.0,0,2,71.0,S,First,woman,False,Southampton,yes,False
540,541,0,3,female,9.0,4,2,31.275,S,Third,child,False,Southampton,no,False
541,542,0,3,female,11.0,4,2,31.275,S,Third,child,False,Southampton,no,False
542,543,1,2,male,32.0,1,0,26.0,S,Second,man,True,Southampton,yes,False
543,544,0,1,male,50.0,1,0,106.425,C,First,man,True,Cherbourg,no,False
544,545,0,1,male,64.0,0,0,26.0,S,First,man,True,Southampton,no,True
545,546,1,2,female,19.0,1,0,26.0,S,Second,woman,False,Southampton,yes,False
546,547,1,2,male,33.0,0,0,13.8625,C,Second,man,True,Cherbourg,yes,True
547,548,0,3,male,33.0,1,1,20.525,S,Third,man,True,Southampton,no,False
548,549,1,2,male,8.0,1,1,36.75,S,Second,child,False,Southampton,yes,False
549,550,1,1,male,17.0,0,2,110.8833,C,First,man,True,Cherbourg,yes,False
550,551,0,2,male,27.0,0,0,26.0,S,Second,man,True,Southampton,no,True
551,552,0,3,male,33.0,0,0,7.8292,Q,Third,man,True,Queenstown,no,True
552,553,1,3,male,22.0,0,0,7.225,C,Third,man,True,Cherbourg,yes,True
553,554,1,3,female,22.0,0,0,7.775,S,Third,woman,False,Southampton,yes,True
554,555,0,1,male,62.0,0,0,26.55,S,First,man,True,Southampton,no,True
555,556,1,1,female,48.0,1,0,39.6,C,First,woman,False,Cherbourg,yes,False
556,557,0,1,male,33.0,0,0,227.525,C,First,man,True,Cherbourg,no,True
557,558,1,1,female,39.0,1,1,79.65,S,First,woman,False,Southampton,yes,False
558,559,1,3,female,36.0,1,0,17.4,S,Third,woman,False,Southampton,yes,False
559,560,0,3,male,33.0,0,0,7.75,Q,Third,man,True,Queenstown,no,True
560,561,0,3,male,40.0,0,0,7.8958,S,Third,man,True,Southampton,no,True
561,562,0,2,male,28.0,0,0,13.5,S,Second,man,True,Southampton,no,True
562,563,0,3,male,33.0,0,0,8.05,S,Third,man,True,Southampton,no,True
563,564,0,3,female,32.0,0,0,8.05,S,Third,woman,False,Southampton,no,True
564,565,0,3,male,24.0,2,0,24.15,S,Third,man,True,Southampton,no,False
565,566,0,3,male,19.0,0,0,7.8958,S,Third,man,True,Southampton,no,True
566,567,0,3,female,29.0,0,4,21.075,S,Third,woman,False,Southampton,no,False
567,568,0,3,male,33.0,0,0,7.2292,C,Third,man,True,Cherbourg,no,True
568,569,1,3,male,32.0,0,0,7.8542,S,Third,man,True,Southampton,yes,True
569,570,1,2,male,62.0,0,0,10.5,S,Second,man,True,Southampton,yes,True
570,571,1,1,female,53.0,2,0,51.4792,S,First,woman,False,Southampton,yes,False
571,572,1,1,male,36.0,0,0,26.3875,S,First,man,True,Southampton,yes,True
572,573,1,3,female,32.0,0,0,7.75,Q,Third,woman,False,Queenstown,yes,True
573,574,0,3,male,16.0,0,0,8.05,S,Third,man,True,Southampton,no,True
574,575,0,3,male,19.0,0,0,14.5,S,Third,man,True,Southampton,no,True
575,576,1,2,female,34.0,0,0,13.0,S,Second,woman,False,Southampton,yes,True
576,577,1,1,female,39.0,1,0,55.9,S,First,woman,False,Southampton,yes,False
577,578,0,3,female,32.0,1,0,14.4583,C,Third,woman,False,Cherbourg,no,False
578,579,1,3,male,32.0,0,0,7.925,S,Third,man,True,Southampton,yes,True
579,580,1,2,female,25.0,1,1,30.0,S,Second,woman,False,Southampton,yes,False
580,581,1,1,female,39.0,1,1,110.8833,C,First,woman,False,Cherbourg,yes,False
581,582,0,2,male,54.0,0,0,26.0,S,Second,man,True,Southampton,no,True
582,583,0,1,male,36.0,0,0,40.125,C,First,man,True,Cherbourg,no,True
583,584,0,3,male,33.0,0,0,8.7125,C,Third,man,True,Cherbourg,no,True
584,585,1,1,female,18.0,0,2,79.65,S,First,woman,False,Southampton,yes,False
585,586,0,2,male,47.0,0,0,15.0,S,Second,man,True,Southampton,no,True
586,587,1,1,male,60.0,1,1,79.2,C,First,man,True,Cherbourg,yes,False
587,588,0,3,male,22.0,0,0,8.05,S,Third,man,True,Southampton,no,True
588,589,0,3,male,33.0,0,0,8.05,S,Third,man,True,Southampton,no,True
589,590,0,3,male,35.0,0,0,7.125,S,Third,man,True,Southampton,no,True
590,591,1,1,female,52.0,1,0,78.2667,C,First,woman,False,Cherbourg,yes,False
591,592,0,3,male,47.0,0,0,7.25,S,Third,man,True,Southampton,no,True
592,593,0,3,female,32.0,0,2,7.75,Q,Third,woman,False,Queenstown,no,False
593,594,0,2,male,37.0,1,0,26.0,S,Second,man,True,Southampton,no,False
594,595,0,3,male,36.0,1,1,24.15,S,Third,man,True,Southampton,no,False
595,596,1,2,female,32.0,0,0,33.0,S,Second,woman,False,Southampton,yes,True
596,597,0,3,male,49.0,0,0,0.0,S,Third,man,True,Southampton,no,True
597,598,0,3,male,33.0,0,0,7.225,C,Third,man,True,Cherbourg,no,True
598,599,1,1,male,49.0,1,0,56.9292,C,First,man,True,Cherbourg,yes,False
599,600,1,2,female,24.0,2,1,27.0,S,Second,woman,False,Southampton,yes,False
600,601,0,3,male,33.0,0,0,7.8958,S,Third,man,True,Southampton,no,True
601,602,0,1,male,33.0,0,0,42.4,S,First,man,True,Southampton,no,True
602,603,0,3,male,44.0,0,0,8.05,S,Third,man,True,Southampton,no,True
603,604,1,1,male,35.0,0,0,26.55,C,First,man,True,Cherbourg,yes,True
604,605,0,3,male,36.0,1,0,15.55,S,Third,man,True,Southampton,no,False
605,606,0,3,male,30.0,0,0,7.8958,S,Third,man,True,Southampton,no,True
606,607,1,1,male,27.0,0,0,30.5,S,First,man,True,Southampton,yes,True
607,608,1,2,female,22.0,1,2,41.5792,C,Second,woman,False,Cherbourg,yes,False
608,609,1,1,female,40.0,0,0,153.4625,S,First,woman,False,Southampton,yes,True
609,610,0,3,female,39.0,1,5,31.275,S,Third,woman,False,Southampton,no,False
610,611,0,3,male,33.0,0,0,7.05,S,Third,man,True,Southampton,no,True
611,612,1,3,female,32.0,1,0,15.5,Q,Third,woman,False,Queenstown,yes,False
612,613,0,3,male,33.0,0,0,7.75,Q,Third,man,True,Queenstown,no,True
613,614,0,3,male,35.0,0,0,8.05,S,Third,man,True,Southampton,no,True
614,615,1,2,female,24.0,1,2,65.0,S,Second,woman,False,Southampton,yes,False
615,616,0,3,male,34.0,1,1,14.4,S,Third,man,True,Southampton,no,False
616,617,0,3,female,26.0,1,0,16.1,S,Third,woman,False,Southampton,no,False
617,618,1,2,female,4.0,2,1,39.0,S,Second,child,False,Southampton,yes,False
618,619,0,2,male,26.0,0,0,10.5,S,Second,man,True,Southampton,no,True
619,620,0,3,male,27.0,1,0,14.4542,C,Third,man,True,Cherbourg,no,False
620,621,1,1,male,42.0,1,0,52.5542,S,First,man,True,Southampton,yes,False
621,622,1,3,male,20.0,1,1,15.7417,C,Third,man,True,Cherbourg,yes,False
622,623,0,3,male,21.0,0,0,7.8542,S,Third,man,True,Southampton,no,True
623,624,0,3,male,21.0,0,0,16.1,S,Third,man,True,Southampton,no,True
624,625,0,1,male,61.0,0,0,32.3208,S,First,man,True,Southampton,no,True
625,626,0,2,male,57.0,0,0,12.35,Q,Second,man,True,Queenstown,no,True
626,627,1,1,female,21.0,0,0,77.9583,S,First,woman,False,Southampton,yes,True
627,628,0,3,male,26.0,0,0,7.8958,S,Third,man,True,Southampton,no,True
628,629,0,3,male,33.0,0,0,7.7333,Q,Third,man,True,Queenstown,no,True
629,630,1,1,male,80.0,0,0,30.0,S,First,man,True,Southampton,yes,True
630,631,0,3,male,51.0,0,0,7.0542,S,Third,man,True,Southampton,no,True
631,632,1,1,male,32.0,0,0,30.5,C,First,man,True,Cherbourg,yes,True
632,633,0,1,male,33.0,0,0,0.0,S,First,man,True,Southampton,no,True
633,634,0,3,female,9.0,3,2,27.9,S,Third,child,False,Southampton,no,False
634,635,1,2,female,28.0,0,0,13.0,S,Second,woman,False,Southampton,yes,True
635,636,0,3,male,32.0,0,0,7.925,S,Third,man,True,Southampton,no,True
636,637,0,2,male,31.0,1,1,26.25,S,Second,man,True,Southampton,no,False
637,638,0,3,female,41.0,0,5,39.6875,S,Third,woman,False,Southampton,no,False
638,639,0,3,male,33.0,1,0,16.1,S,Third,man,True,Southampton,no,False
639,640,0,3,male,20.0,0,0,7.8542,S,Third,man,True,Southampton,no,True
640,641,1,1,female,24.0,0,0,69.3,C,First,woman,False,Cherbourg,yes,True
641,642,0,3,female,2.0,3,2,27.9,S,Third,child,False,Southampton,no,False
642,643,1,3,male,33.0,0,0,56.4958,S,Third,man,True,Southampton,yes,True
643,644,1,3,female,0.75,2,1,19.2583,C,Third,child,False,Cherbourg,yes,False
644,645,1,1,male,48.0,1,0,76.7292,C,First,man,True,Cherbourg,yes,False
645,646,0,3,male,19.0,0,0,7.8958,S,Third,man,True,Southampton,no,True
646,647,1,1,male,56.0,0,0,35.5,C,First,man,True,Cherbourg,yes,True
647,648,0,3,male,33.0,0,0,7.55,S,Third,man,True,Southampton,no,True
648,649,1,3,female,23.0,0,0,7.55,S,Third,woman,False,Southampton,yes,True
649,650,0,3,male,33.0,0,0,7.8958,S,Third,man,True,Southampton,no,True
650,651,1,2,female,18.0,0,1,23.0,S,Second,woman,False,Southampton,yes,False
651,652,0,3,male,21.0,0,0,8.4333,S,Third,man,True,Southampton,no,True
652,653,1,3,female,32.0,0,0,7.8292,Q,Third,woman,False,Queenstown,yes,True
653,654,0,3,female,18.0,0,0,6.75,Q,Third,woman,False,Queenstown,no,True
654,655,0,2,male,24.0,2,0,73.5,S,Second,man,True,Southampton,no,False
655,656,0,3,male,33.0,0,0,7.8958,S,Third,man,True,Southampton,no,True
656,657,0,3,female,32.0,1,1,15.5,Q,Third,woman,False,Queenstown,no,False
657,658,0,2,male,23.0,0,0,13.0,S,Second,man,True,Southampton,no,True
658,659,0,1,male,58.0,0,2,113.275,C,First,man,True,Cherbourg,no,False
659,660,1,1,male,50.0,2,0,133.65,S,First,man,True,Southampton,yes,False
660,661,0,3,male,40.0,0,0,7.225,C,Third,man,True,Cherbourg,no,True
661,662,0,1,male,47.0,0,0,25.5875,S,First,man,True,Southampton,no,True
662,663,0,3,male,36.0,0,0,7.4958,S,Third,man,True,Southampton,no,True
663,664,1,3,male,20.0,1,0,7.925,S,Third,man,True,Southampton,yes,False
664,665,0,2,male,32.0,2,0,73.5,S,Second,man,True,Southampton,no,False
665,666,0,2,male,25.0,0,0,13.0,S,Second,man,True,Southampton,no,True
666,667,0,3,male,33.0,0,0,7.775,S,Third,man,True,Southampton,no,True
667,668,0,3,male,43.0,0,0,8.05,S,Third,man,True,Southampton,no,True
668,669,1,1,female,32.0,1,0,52.0,S,First,woman,False,Southampton,yes,False
669,670,1,2,female,40.0,1,1,39.0,S,Second,woman,False,Southampton,yes,False
670,671,0,1,male,31.0,1,0,52.0,S,First,man,True,Southampton,no,False
671,672,0,2,male,70.0,0,0,10.5,S,Second,man,True,Southampton,no,True
672,673,1,2,male,31.0,0,0,13.0,S,Second,man,True,Southampton,yes,True
673,674,0,2,male,33.0,0,0,0.0,S,Second,man,True,Southampton,no,True
674,675,0,3,male,18.0,0,0,7.775,S,Third,man,True,Southampton,no,True
675,676,0,3,male,24.5,0,0,8.05,S,Third,man,True,Southampton,no,True
676,677,1,3,female,18.0,0,0,9.8417,S,Third,woman,False,Southampton,yes,True
677,678,0,3,female,43.0,1,6,46.9,S,Third,woman,False,Southampton,no,False
678,679,1,1,male,36.0,0,1,512.3292,C,First,man,True,Cherbourg,yes,False
679,680,0,3,female,32.0,0,0,8.1375,Q,Third,woman,False,Queenstown,no,True
680,681,1,1,male,27.0,0,0,76.7292,C,First,man,True,Cherbourg,yes,True
681,682,0,3,male,20.0,0,0,9.225,S,Third,man,True,Southampton,no,True
682,683,0,3,male,14.0,5,2,46.9,S,Third,child,False,Southampton,no,False
683,684,0,2,male,60.0,1,1,39.0,S,Second,man,True,Southampton,no,False
684,685,0,2,male,25.0,1,2,41.5792,C,Second,man,True,Cherbourg,no,False
685,686,0,3,male,14.0,4,1,39.6875,S,Third,child,False,Southampton,no,False
686,687,0,3,male,19.0,0,0,10.1708,S,Third,man,True,Southampton,no,True
687,688,0,3,male,18.0,0,0,7.7958,S,Third,man,True,Southampton,no,True
688,689,1,1,female,15.0,0,1,211.3375,S,First,child,False,Southampton,yes,False
689,690,1,1,male,31.0,1,0,57.0,S,First,man,True,Southampton,yes,False
690,691,1,3,female,4.0,0,1,13.4167,C,Third,child,False,Cherbourg,yes,False
691,692,1,3,male,33.0,0,0,56.4958,S,Third,man,True,Southampton,yes,True
692,693,0,3,male,25.0,0,0,7.225,C,Third,man,True,Cherbourg,no,True
693,694,0,1,male,60.0,0,0,26.55,S,First,man,True,Southampton,no,True
694,695,0,2,male,52.0,0,0,13.5,S,Second,man,True,Southampton,no,True
695,696,0,3,male,44.0,0,0,8.05,S,Third,man,True,Southampton,no,True
696,697,1,3,female,32.0,0,0,7.7333,Q,Third,woman,False,Queenstown,yes,True
697,698,0,1,male,49.0,1,1,110.8833,C,First,man,True,Cherbourg,no,False
698,699,0,3,male,42.0,0,0,7.65,S,Third,man,True,Southampton,no,True
699,700,1,1,female,18.0,1,0,227.525,C,First,woman,False,Cherbourg,yes,False
700,701,1,1,male,35.0,0,0,26.2875,S,First,man,True,Southampton,yes,True
701,702,0,3,female,18.0,0,1,14.4542,C,Third,woman,False,Cherbourg,no,False
702,703,0,3,male,25.0,0,0,7.7417,Q,Third,man,True,Queenstown,no,True
703,704,0,3,male,26.0,1,0,7.8542,S,Third,man,True,Southampton,no,False
704,705,0,2,male,39.0,0,0,26.0,S,Second,man,True,Southampton,no,True
705,706,1,2,female,45.0,0,0,13.5,S,Second,woman,False,Southampton,yes,True
706,707,1,1,male,42.0,0,0,26.2875,S,First,man,True,Southampton,yes,True
707,708,1,1,female,22.0,0,0,151.55,S,First,woman,False,Southampton,yes,True
708,709,1,3,male,33.0,1,1,15.2458,C,Third,man,True,Cherbourg,yes,False
709,710,1,1,female,24.0,0,0,49.5042,C,First,woman,False,Cherbourg,yes,True
710,711,0,1,male,33.0,0,0,26.55,S,First,man,True,Southampton,no,True
711,712,1,1,male,48.0,1,0,52.0,S,First,man,True,Southampton,yes,False
712,713,0,3,male,29.0,0,0,9.4833,S,Third,man,True,Southampton,no,True
713,714,0,2,male,52.0,0,0,13.0,S,Second,man,True,Southampton,no,True
714,715,0,3,male,19.0,0,0,7.65,S,Third,man,True,Southampton,no,True
715,716,1,1,female,38.0,0,0,227.525,C,First,woman,False,Cherbourg,yes,True
716,717,1,2,female,27.0,0,0,10.5,S,Second,woman,False,Southampton,yes,True
717,718,0,3,male,33.0,0,0,15.5,Q,Third,man,True,Queenstown,no,True
718,719,0,3,male,33.0,0,0,7.775,S,Third,man,True,Southampton,no,True
719,720,1,2,female,6.0,0,1,33.0,S,Second,child,False,Southampton,yes,False
720,721,0,3,male,17.0,1,0,7.0542,S,Third,man,True,Southampton,no,False
721,722,0,2,male,34.0,0,0,13.0,S,Second,man,True,Southampton,no,True
722,723,0,2,male,50.0,0,0,13.0,S,Second,man,True,Southampton,no,True
723,724,1,1,male,27.0,1,0,53.1,S,First,man,True,Southampton,yes,False
724,725,0,3,male,20.0,0,0,8.6625,S,Third,man,True,Southampton,no,True
725,726,1,2,female,30.0,3,0,21.0,S,Second,woman,False,Southampton,yes,False
726,727,1,3,female,32.0,0,0,7.7375,Q,Third,woman,False,Queenstown,yes,True
727,728,0,2,male,25.0,1,0,26.0,S,Second,man,True,Southampton,no,False
728,729,0,3,female,25.0,1,0,7.925,S,Third,woman,False,Southampton,no,False
729,730,1,1,female,29.0,0,0,211.3375,S,First,woman,False,Southampton,yes,True
730,731,0,3,male,11.0,0,0,18.7875,C,Third,child,False,Cherbourg,no,True
731,732,0,2,male,33.0,0,0,0.0,S,Second,man,True,Southampton,no,True
732,733,0,2,male,23.0,0,0,13.0,S,Second,man,True,Southampton,no,True
733,734,0,2,male,23.0,0,0,13.0,S,Second,man,True,Southampton,no,True
734,735,0,3,male,28.5,0,0,16.1,S,Third,man,True,Southampton,no,True
735,736,0,3,female,48.0,1,3,34.375,S,Third,woman,False,Southampton,no,False
736,737,1,1,male,35.0,0,0,512.3292,C,First,man,True,Cherbourg,yes,True
737,738,0,3,male,33.0,0,0,7.8958,S,Third,man,True,Southampton,no,True
738,739,0,3,male,33.0,0,0,7.8958,S,Third,man,True,Southampton,no,True
739,740,1,1,male,33.0,0,0,30.0,S,First,man,True,Southampton,yes,True
740,741,0,1,male,36.0,1,0,78.85,S,First,man,True,Southampton,no,False
741,742,1,1,female,21.0,2,2,262.375,C,First,woman,False,Cherbourg,yes,False
742,743,0,3,male,24.0,1,0,16.1,S,Third,man,True,Southampton,no,False
743,744,1,3,male,31.0,0,0,7.925,S,Third,man,True,Southampton,yes,True
744,745,0,1,male,70.0,1,1,71.0,S,First,man,True,Southampton,no,False
745,746,0,3,male,16.0,1,1,20.25,S,Third,man,True,Southampton,no,False
746,747,1,2,female,30.0,0,0,13.0,S,Second,woman,False,Southampton,yes,True
747,748,0,1,male,19.0,1,0,53.1,S,First,man,True,Southampton,no,False
748,749,0,3,male,31.0,0,0,7.75,Q,Third,man,True,Queenstown,no,True
749,750,1,2,female,4.0,1,1,23.0,S,Second,child,False,Southampton,yes,False
750,751,1,3,male,6.0,0,1,12.475,S,Third,child,False,Southampton,yes,False
751,752,0,3,male,33.0,0,0,9.5,S,Third,man,True,Southampton,no,True
752,753,0,3,male,23.0,0,0,7.8958,S,Third,man,True,Southampton,no,True
753,754,1,2,female,48.0,1,2,65.0,S,Second,woman,False,Southampton,yes,False
754,755,1,2,male,0.67,1,1,14.5,S,Second,child,False,Southampton,yes,False
755,756,0,3,male,28.0,0,0,7.7958,S,Third,man,True,Southampton,no,True
756,757,0,2,male,18.0,0,0,11.5,S,Second,man,True,Southampton,no,True
757,758,0,3,male,34.0,0,0,8.05,S,Third,man,True,Southampton,no,True
758,759,1,1,female,33.0,0,0,86.5,S,First,woman,False,Southampton,yes,True
759,760,0,3,male,33.0,0,0,14.5,S,Third,man,True,Southampton,no,True
760,761,0,3,male,41.0,0,0,7.125,S,Third,man,True,Southampton,no,True
761,762,1,3,male,20.0,0,0,7.2292,C,Third,man,True,Cherbourg,yes,True
762,763,1,1,female,36.0,1,2,120.0,S,First,woman,False,Southampton,yes,False
763,764,0,3,male,16.0,0,0,7.775,S,Third,man,True,Southampton,no,True
764,765,1,1,female,51.0,1,0,77.9583,S,First,woman,False,Southampton,yes,False
765,766,0,1,male,33.0,0,0,39.6,C,First,man,True,Cherbourg,no,True
766,767,0,3,female,30.5,0,0,7.75,Q,Third,woman,False,Queenstown,no,True
767,768,0,3,male,33.0,1,0,24.15,Q,Third,man,True,Queenstown,no,False
768,769,0,3,male,32.0,0,0,8.3625,S,Third,man,True,Southampton,no,True
769,770,0,3,male,24.0,0,0,9.5,S,Third,man,True,Southampton,no,True
770,771,0,3,male,48.0,0,0,7.8542,S,Third,man,True,Southampton,no,True
771,772,0,2,female,57.0,0,0,10.5,S,Second,woman,False,Southampton,no,True
772,773,0,3,male,33.0,0,0,7.225,C,Third,man,True,Cherbourg,no,True
773,774,1,2,female,54.0,1,3,23.0,S,Second,woman,False,Southampton,yes,False
774,775,0,3,male,18.0,0,0,7.75,S,Third,man,True,Southampton,no,True
775,776,0,3,male,33.0,0,0,7.75,Q,Third,man,True,Queenstown,no,True
776,777,1,3,female,5.0,0,0,12.475,S,Third,child,False,Southampton,yes,True
777,778,0,3,male,33.0,0,0,7.7375,Q,Third,man,True,Queenstown,no,True
778,779,1,1,female,43.0,0,1,211.3375,S,First,woman,False,Southampton,yes,False
779,780,1,3,female,13.0,0,0,7.2292,C,Third,child,False,Cherbourg,yes,True
780,781,1,1,female,17.0,1,0,57.0,S,First,woman,False,Southampton,yes,False
781,782,0,1,male,29.0,0,0,30.0,S,First,man,True,Southampton,no,True
782,783,0,3,male,33.0,1,2,23.45,S,Third,man,True,Southampton,no,False
783,784,0,3,male,25.0,0,0,7.05,S,Third,man,True,Southampton,no,True
784,785,0,3,male,25.0,0,0,7.25,S,Third,man,True,Southampton,no,True
785,786,1,3,female,18.0,0,0,7.4958,S,Third,woman,False,Southampton,yes,True
786,787,0,3,male,8.0,4,1,29.125,Q,Third,child,False,Queenstown,no,False
787,788,1,3,male,1.0,1,2,20.575,S,Third,child,False,Southampton,yes,False
788,789,0,1,male,46.0,0,0,79.2,C,First,man,True,Cherbourg,no,True
789,790,0,3,male,33.0,0,0,7.75,Q,Third,man,True,Queenstown,no,True
790,791,0,2,male,16.0,0,0,26.0,S,Second,man,True,Southampton,no,True
791,792,0,3,female,32.0,8,2,69.55,S,Third,woman,False,Southampton,no,False
792,793,0,1,male,33.0,0,0,30.6958,C,First,man,True,Cherbourg,no,True
793,794,0,3,male,25.0,0,0,7.8958,S,Third,man,True,Southampton,no,True
794,795,0,2,male,39.0,0,0,13.0,S,Second,man,True,Southampton,no,True
795,796,1,1,female,49.0,0,0,25.9292,S,First,woman,False,Southampton,yes,True
796,797,1,3,female,31.0,0,0,8.6833,S,Third,woman,False,Southampton,yes,True
797,798,0,3,male,30.0,0,0,7.2292,C,Third,man,True,Cherbourg,no,True
798,799,0,3,female,30.0,1,1,24.15,S,Third,woman,False,Southampton,no,False
799,800,0,2,male,34.0,0,0,13.0,S,Second,man,True,Southampton,no,True
800,801,1,2,female,31.0,1,1,26.25,S,Second,woman,False,Southampton,yes,False
801,802,1,1,male,11.0,1,2,120.0,S,First,child,False,Southampton,yes,False
802,803,1,3,male,0.42,0,1,8.5167,C,Third,child,False,Cherbourg,yes,False
803,804,1,3,male,27.0,0,0,6.975,S,Third,man,True,Southampton,yes,True
804,805,0,3,male,31.0,0,0,7.775,S,Third,man,True,Southampton,no,True
805,806,0,1,male,39.0,0,0,0.0,S,First,man,True,Southampton,no,True
806,807,0,3,female,18.0,0,0,7.775,S,Third,woman,False,Southampton,no,True
807,808,0,2,male,39.0,0,0,13.0,S,Second,man,True,Southampton,no,True
808,809,1,1,female,33.0,1,0,53.1,S,First,woman,False,Southampton,yes,False
809,810,0,3,male,26.0,0,0,7.8875,S,Third,man,True,Southampton,no,True
810,811,0,3,male,39.0,0,0,24.15,S,Third,man,True,Southampton,no,True
811,812,0,2,male,35.0,0,0,10.5,S,Second,man,True,Southampton,no,True
812,813,0,3,female,6.0,4,2,31.275,S,Third,child,False,Southampton,no,False
813,814,0,3,male,30.5,0,0,8.05,S,Third,man,True,Southampton,no,True
814,815,0,1,male,33.0,0,0,0.0,S,First,man,True,Southampton,no,True
815,816,0,3,female,23.0,0,0,7.925,S,Third,woman,False,Southampton,no,True
816,817,0,2,male,31.0,1,1,37.0042,C,Second,man,True,Cherbourg,no,False
817,818,0,3,male,43.0,0,0,6.45,S,Third,man,True,Southampton,no,True
818,819,0,3,male,10.0,3,2,27.9,S,Third,child,False,Southampton,no,False
819,820,1,1,female,52.0,1,1,93.5,S,First,woman,False,Southampton,yes,False
820,821,1,3,male,27.0,0,0,8.6625,S,Third,man,True,Southampton,yes,True
821,822,0,1,male,38.0,0,0,0.0,S,First,man,True,Southampton,no,True
822,823,1,3,female,27.0,0,1,12.475,S,Third,woman,False,Southampton,yes,False
823,824,0,3,male,2.0,4,1,39.6875,S,Third,child,False,Southampton,no,False
824,825,0,3,male,33.0,0,0,6.95,Q,Third,man,True,Queenstown,no,True
825,826,0,3,male,33.0,0,0,56.4958,S,Third,man,True,Southampton,no,True
826,827,1,2,male,1.0,0,2,37.0042,C,Second,child,False,Cherbourg,yes,False
827,828,1,3,male,33.0,0,0,7.75,Q,Third,man,True,Queenstown,yes,True
828,830,1,3,female,15.0,1,0,14.4542,C,Third,child,False,Cherbourg,yes,False
829,831,1,2,male,0.83,1,1,18.75,S,Second,child,False,Southampton,yes,False
830,832,0,3,male,33.0,0,0,7.2292,C,Third,man,True,Cherbourg,no,True
831,833,0,3,male,23.0,0,0,7.8542,S,Third,man,True,Southampton,no,True
832,834,0,3,male,18.0,0,0,8.3,S,Third,man,True,Southampton,no,True
833,835,1,1,female,39.0,1,1,83.1583,C,First,woman,False,Cherbourg,yes,False
834,836,0,3,male,21.0,0,0,8.6625,S,Third,man,True,Southampton,no,True
835,837,0,3,male,33.0,0,0,8.05,S,Third,man,True,Southampton,no,True
836,838,1,3,male,32.0,0,0,56.4958,S,Third,man,True,Southampton,yes,True
837,839,1,1,male,33.0,0,0,29.7,C,First,man,True,Cherbourg,yes,True
838,840,0,3,male,20.0,0,0,7.925,S,Third,man,True,Southampton,no,True
839,841,0,2,male,16.0,0,0,10.5,S,Second,man,True,Southampton,no,True
840,842,1,1,female,30.0,0,0,31.0,C,First,woman,False,Cherbourg,yes,True
841,843,0,3,male,34.5,0,0,6.4375,C,Third,man,True,Cherbourg,no,True
842,844,0,3,male,17.0,0,0,8.6625,S,Third,man,True,Southampton,no,True
843,845,0,3,male,42.0,0,0,7.55,S,Third,man,True,Southampton,no,True
844,846,0,3,male,33.0,8,2,69.55,S,Third,man,True,Southampton,no,False
845,847,0,3,male,35.0,0,0,7.8958,C,Third,man,True,Cherbourg,no,True
846,848,0,2,male,28.0,0,1,33.0,S,Second,man,True,Southampton,no,False
847,849,1,1,female,32.0,1,0,89.1042,C,First,woman,False,Cherbourg,yes,False
848,850,0,3,male,4.0,4,2,31.275,S,Third,child,False,Southampton,no,False
849,851,0,3,male,74.0,0,0,7.775,S,Third,man,True,Southampton,no,True
850,852,0,3,female,9.0,1,1,15.2458,C,Third,child,False,Cherbourg,no,False
851,853,1,1,female,16.0,0,1,39.4,S,First,woman,False,Southampton,yes,False
852,854,0,2,female,44.0,1,0,26.0,S,Second,woman,False,Southampton,no,False
853,855,1,3,female,18.0,0,1,9.35,S,Third,woman,False,Southampton,yes,False
854,856,1,1,female,45.0,1,1,164.8667,S,First,woman,False,Southampton,yes,False
855,857,1,1,male,51.0,0,0,26.55,S,First,man,True,Southampton,yes,True
856,858,1,3,female,24.0,0,3,19.2583,C,Third,woman,False,Cherbourg,yes,False
857,859,0,3,male,33.0,0,0,7.2292,C,Third,man,True,Cherbourg,no,True
858,860,0,3,male,41.0,2,0,14.1083,S,Third,man,True,Southampton,no,False
859,861,0,2,male,21.0,1,0,11.5,S,Second,man,True,Southampton,no,False
860,862,1,1,female,48.0,0,0,25.9292,S,First,woman,False,Southampton,yes,True
861,863,0,3,female,32.0,8,2,69.55,S,Third,woman,False,Southampton,no,False
862,864,0,2,male,24.0,0,0,13.0,S,Second,man,True,Southampton,no,True
863,865,1,2,female,42.0,0,0,13.0,S,Second,woman,False,Southampton,yes,True
864,866,1,2,female,27.0,1,0,13.8583,C,Second,woman,False,Cherbourg,yes,False
865,867,0,1,male,31.0,0,0,50.4958,S,First,man,True,Southampton,no,True
866,868,0,3,male,33.0,0,0,9.5,S,Third,man,True,Southampton,no,True
867,869,1,3,male,4.0,1,1,11.1333,S,Third,child,False,Southampton,yes,False
868,870,0,3,male,26.0,0,0,7.8958,S,Third,man,True,Southampton,no,True
869,871,1,1,female,47.0,1,1,52.5542,S,First,woman,False,Southampton,yes,False
870,872,0,1,male,33.0,0,0,5.0,S,First,man,True,Southampton,no,True
871,873,0,3,male,47.0,0,0,9.0,S,Third,man,True,Southampton,no,True
872,874,1,2,female,28.0,1,0,24.0,C,Second,woman,False,Cherbourg,yes,False
873,875,1,3,female,15.0,0,0,7.225,C,Third,child,False,Cherbourg,yes,True
874,876,0,3,male,20.0,0,0,9.8458,S,Third,man,True,Southampton,no,True
875,877,0,3,male,19.0,0,0,7.8958,S,Third,man,True,Southampton,no,True
876,878,0,3,male,33.0,0,0,7.8958,S,Third,man,True,Southampton,no,True
877,879,1,1,female,56.0,0,1,83.1583,C,First,woman,False,Cherbourg,yes,False
878,880,1,2,female,25.0,0,1,26.0,S,Second,woman,False,Southampton,yes,False
879,881,0,3,male,33.0,0,0,7.8958,S,Third,man,True,Southampton,no,True
880,882,0,3,female,22.0,0,0,10.5167,S,Third,woman,False,Southampton,no,True
881,883,0,2,male,28.0,0,0,10.5,S,Second,man,True,Southampton,no,True
882,884,0,3,male,25.0,0,0,7.05,S,Third,man,True,Southampton,no,True
883,885,0,3,female,39.0,0,5,29.125,Q,Third,woman,False,Queenstown,no,False
884,886,0,2,male,27.0,0,0,13.0,S,Second,man,True,Southampton,no,True
885,887,1,1,female,19.0,0,0,30.0,S,First,woman,False,Southampton,yes,True
886,888,0,3,female,32.0,1,2,23.45,S,Third,woman,False,Southampton,no,False
887,889,1,1,male,26.0,0,0,30.0,C,First,man,True,Cherbourg,yes,True
888,890,0,3,male,32.0,0,0,7.75,Q,Third,man,True,Queenstown,no,True
